<?xml version="1.0" encoding="UTF-8"?>
<trade:dataDocument xmlns:esb="http://tradecapturesys.cmb.citigroup.net-1-0" xmlns:ns14="http://tradecapturesys.cmb.citigroup.net/initial-margin-1-0" xmlns:ns5="http://tradecapturesys.cmb.citigroup.net/trade/irs-1-0" xmlns:ns13="http://xml.genericode.org/2004/ns/CodeList/0.2" xmlns:ns3="http://tradecapturesys.cmb.citigroup.net/trade/trs-1-0" xmlns:ns11="http://tradecapturesys.cmb.citigroup.net/replay" xmlns:ns8="http://tradecapturesys.cmb.citigroup.net/risk-1-0" xmlns:trade="http://tradecapturesys.cmb.citigroup.net/trade-1-0" xmlns:ns2="http://tradecapturesys.cmb.citigroup.net/trade/cc-1-0" xmlns:fpml="http://www.fpml.org/FpML-5-0/reporting" xmlns:ns6="http://tradecapturesys.cmb.citigroup.net/trade/cln-1-0" xmlns:ns15="http://www.citi.com/GlobalCredit/trade-group" xmlns:scheme="http://tradecapturesys.cmb.citigroup.net/scheme-1-0" xmlns:cds="http://tradecapturesys.cmb.citigroup.net/trade/cds-1-0" xmlns:dsig="http://www.w3.org/2000/09/xmldsig#" buildVersion="379-80093-rUNKNOWN_DUE_TO_SVN_UNAVAILABILITY" cluster="UA3" fpmlVersion="5-0">
    <trade:event xmlns:xsi="http://www.w3.org/2001/XMLSchema-instance" xsi:type="trade:NewTradeEvent">
        <fpml:eventId xsi:type="trade:VersionedEventId" version="2" eventIdScheme="TPS">X10719795AT</fpml:eventId>
        <trade:postEventTrade>
            <trade:tradeReference xsi:type="trade:CitiVersionedTradeId">
                <fpml:tradeId tradeIdScheme="TPS">X10719795AC</fpml:tradeId>
                <fpml:version>2</fpml:version>
                <fpml:effectiveDate>2013-05-31</fpml:effectiveDate>
                <trade:businessEventSequenceId>1</trade:businessEventSequenceId>
                <trade:eventId version="2" eventIdScheme="TPS">X10719795AT</trade:eventId>
            </trade:tradeReference>
        </trade:postEventTrade>
        <trade:executionDateTime executionDateTimeScheme="TPS">2013-05-31T13:12:19.447+08:00</trade:executionDateTime>
        <trade:executionDateTimeOverride>false</trade:executionDateTimeOverride>
        <trade:prototype id="EX10719795AT_2">
            <fpml:tradeHeader xsi:type="trade:CitiTradeHeader">
                <fpml:partyTradeIdentifier xsi:type="trade:WashTradeIdentifier" washRole="MASTER">
                    <fpml:partyReference href="PartyA"/>
                    <fpml:versionedTradeId>
                        <fpml:tradeId/>
                        <fpml:version>0</fpml:version>
                    </fpml:versionedTradeId>
                    <trade:state>ACTIVE</trade:state>
                    <trade:isCancelled>false</trade:isCancelled>
                    <trade:isTerminated>false</trade:isTerminated>
                    <trade:isExercised>false</trade:isExercised>
                </fpml:partyTradeIdentifier>
                <fpml:partyTradeInformation xsi:type="trade:CitiPartyTradeInformation">
                    <fpml:partyReference href="PartyA"/>
                    <fpml:trader xsi:type="trade:CitiTrader" soeId="MD52589" salesTraderId="2014" emailAddress="mark.donlon@citi.com" primaryBusiness="NA Rates">Donlon, Mark C</fpml:trader>
                    <trade:customerBusinessType>Broker</trade:customerBusinessType>
                    <trade:intentToClear>false</trade:intentToClear>
                    <trade:offMarketPrice>false</trade:offMarketPrice>
                    <trade:executionType>Voice</trade:executionType>
                    <trade:verificationMethod>Unverified</trade:verificationMethod>
                </fpml:partyTradeInformation>
                <fpml:partyTradeInformation xsi:type="trade:CitiPartyTradeInformation">
                    <fpml:partyReference href="PartyB"/>
                    <trade:client id="T0.PartyBclient.09476">
                        <fpml:accountId>09476</fpml:accountId>
                        <fpml:accountName>BANK OF AMERICA (CHARLOTTE)</fpml:accountName>
                        <fpml:accountId accountIdScheme="GFC">1000018712</fpml:accountId>
                        <fpml:accountName>BANK OF AMERICA NA-CHARLOTTE HEAD OFFICE</fpml:accountName>
                        <fpml:accountBeneficiary href="PartyB"/>
                    </trade:client>
                </fpml:partyTradeInformation>
                <fpml:tradeDate>2013-05-31</fpml:tradeDate>
                <trade:clearingExcluded>true</trade:clearingExcluded>
                <trade:autoSendToClearing>false</trade:autoSendToClearing>
                <trade:clearingInfo>
                    <trade:clearingHouse/>
                </trade:clearingInfo>
                <trade:ratesTriOptima>false</trade:ratesTriOptima>
                <trade:rtrOnly>false</trade:rtrOnly>
                <trade:bypassCptyValidation>false</trade:bypassCptyValidation>
                <trade:bookRestrictionOverride>false</trade:bookRestrictionOverride>
                <trade:mandatoryClearingOverride>false</trade:mandatoryClearingOverride>
                <trade:mandatoryClearing>false</trade:mandatoryClearing>
                <trade:showAllCCP>false</trade:showAllCCP>
            </fpml:tradeHeader>
            <fpml:creditDefaultSwap xsi:type="cds:CreditDefaultSwap">
                <fpml:productType productTypeScheme="TPS">Single Name CDS</fpml:productType>
                <fpml:generalTerms xsi:type="cds:CitiGeneralTerms">
                    <fpml:effectiveDate xsi:type="trade:CitiBusinessDate">
                        <fpml:unadjustedDate>2013-06-01</fpml:unadjustedDate>
                    </fpml:effectiveDate>
                    <fpml:scheduledTerminationDate xsi:type="trade:CitiBusinessDate">
                        <fpml:unadjustedDate>2013-06-20</fpml:unadjustedDate>
                        <trade:rollFrequency>
                            <fpml:periodMultiplier>3</fpml:periodMultiplier>
                            <fpml:period>M</fpml:period>
                        </trade:rollFrequency>
                    </fpml:scheduledTerminationDate>
                    <fpml:sellerPartyReference href="PartyB"/>
                    <fpml:buyerPartyReference href="PartyA"/>
                    <fpml:dateAdjustments>
                        <fpml:businessDayConvention>FOLLOWING</fpml:businessDayConvention>
                        <fpml:businessCenters>
                            <fpml:businessCenter>NYBANK</fpml:businessCenter>
                            <fpml:businessCenter>LONDON</fpml:businessCenter>
                        </fpml:businessCenters>
                    </fpml:dateAdjustments>
                    <fpml:referenceInformation xsi:type="cds:CitiReferenceInformation">
                        <fpml:referenceEntity>
                            <fpml:entityName>International Business Machines Corporation</fpml:entityName>
                            <fpml:entityId entityIdScheme="http://www.fpml.org/spec/2003/entity-id-RED-1-0">49EB20</fpml:entityId>
                            <fpml:entityId entityIdScheme="http://tradecapturesys.cmb.citigroup.net/calypso-1-0/ticker">IBM</fpml:entityId>
                        </fpml:referenceEntity>
                        <fpml:referenceObligation>
                            <fpml:bond>
                                <fpml:instrumentId instrumentIdScheme="CUSIP">459200GJ4</fpml:instrumentId>
                                <fpml:instrumentId instrumentIdScheme="ISIN">US459200GJ41</fpml:instrumentId>
                                <fpml:instrumentId instrumentIdScheme="http://www.fpml.org/spec/2003/entity-id-RED-1-0">49EB20AD7</fpml:instrumentId>
                                <fpml:seniority creditSeniorityScheme="MARX">sen</fpml:seniority>
                            </fpml:bond>
                        </fpml:referenceObligation>
                        <fpml:allGuarantees>false</fpml:allGuarantees>
                        <fpml:referencePrice>1</fpml:referencePrice>
                        <cds:securedLanguage>false</cds:securedLanguage>
                    </fpml:referenceInformation>
                </fpml:generalTerms>
                <fpml:feeLeg xsi:type="cds:CitiFeeLeg">
                    <fpml:periodicPayment>
                        <fpml:paymentFrequency>
                            <fpml:periodMultiplier>3</fpml:periodMultiplier>
                            <fpml:period>M</fpml:period>
                        </fpml:paymentFrequency>
                        <fpml:firstPeriodStartDate>2013-03-20</fpml:firstPeriodStartDate>
                        <fpml:firstPaymentDate>2013-06-20</fpml:firstPaymentDate>
                        <fpml:rollConvention>20</fpml:rollConvention>
                        <fpml:fixedAmountCalculation>
                            <fpml:calculationAmount>
                                <fpml:currency>USD</fpml:currency>
                                <fpml:amount>12300000</fpml:amount>
                            </fpml:calculationAmount>
                            <fpml:fixedRate>0.0100</fpml:fixedRate>
                            <fpml:dayCountFraction>ACT/360</fpml:dayCountFraction>
                        </fpml:fixedAmountCalculation>
                    </fpml:periodicPayment>
                    <fpml:marketFixedRate>0.0110</fpml:marketFixedRate>
                    <cds:paymentDelayDays>0</cds:paymentDelayDays>
                    <cds:paymentDelayDayType>Business</cds:paymentDelayDayType>
                    <cds:couponStubRule>NONE</cds:couponStubRule>
                    <cds:quoteType>MarketRate</cds:quoteType>
                    <cds:terminationDateRoll>false</cds:terminationDateRoll>
                    <cds:periodDateRoll>false</cds:periodDateRoll>
                    <cds:noFee>false</cds:noFee>
                    <cds:manualFee>true</cds:manualFee>
                    <cds:recoveryRateAssumption>0.4</cds:recoveryRateAssumption>
                    <cds:fullFirstCoupon>false</cds:fullFirstCoupon>
                </fpml:feeLeg>
                <fpml:protectionTerms id="T0.NOTIONAL1">
                    <fpml:calculationAmount>
                        <fpml:currency>USD</fpml:currency>
                        <fpml:amount>12300000</fpml:amount>
                    </fpml:calculationAmount>
                    <fpml:creditEvents xsi:type="cds:CitiCreditEvents">
                        <fpml:bankruptcy/>
                        <fpml:failureToPay>
                            <fpml:paymentRequirement>
                                <fpml:currency>USD</fpml:currency>
                                <fpml:amount>1000000</fpml:amount>
                            </fpml:paymentRequirement>
                        </fpml:failureToPay>
                        <fpml:defaultRequirement>
                            <fpml:currency>USD</fpml:currency>
                            <fpml:amount>10000000</fpml:amount>
                        </fpml:defaultRequirement>
                        <fpml:creditEventNotice>
                            <fpml:notifyingParty>
                                <fpml:buyerPartyReference href="PartyA"/>
                                <fpml:sellerPartyReference href="PartyB"/>
                            </fpml:notifyingParty>
                            <fpml:publiclyAvailableInformation>
                                <fpml:standardPublicSources/>
                            </fpml:publiclyAvailableInformation>
                        </fpml:creditEventNotice>
                    </fpml:creditEvents>
                    <fpml:obligations xsi:type="cds:CitiObligations">
                        <fpml:category>BorrowedMoney</fpml:category>
                    </fpml:obligations>
                    <fpml:floatingAmountEvents>
                        <fpml:floatingAmountProvisions/>
                        <fpml:additionalFixedPayments/>
                    </fpml:floatingAmountEvents>
                </fpml:protectionTerms>
                <fpml:physicalSettlementTerms>
                    <fpml:settlementCurrency>USD</fpml:settlementCurrency>
                    <fpml:physicalSettlementPeriod>
                        <fpml:maximumBusinessDays>30</fpml:maximumBusinessDays>
                    </fpml:physicalSettlementPeriod>
                    <fpml:deliverableObligations xsi:type="cds:CitiDeliverableObligations">
                        <fpml:accruedInterest>true</fpml:accruedInterest>
                        <fpml:category>BondOrLoan</fpml:category>
                        <fpml:notSubordinated/>
                        <fpml:specifiedCurrency/>
                        <fpml:notContingent/>
                        <fpml:assignableLoan/>
                        <fpml:consentRequiredLoan/>
                        <fpml:transferable/>
                        <fpml:maximumMaturity>
                            <fpml:periodMultiplier>30</fpml:periodMultiplier>
                            <fpml:period>Y</fpml:period>
                        </fpml:maximumMaturity>
                        <fpml:notBearer/>
                    </fpml:deliverableObligations>
                    <fpml:escrow>true</fpml:escrow>
                    <fpml:sixtyBusinessDaySettlementCap>false</fpml:sixtyBusinessDaySettlementCap>
                </fpml:physicalSettlementTerms>
                <cds:settlementOffsetBusinessDay>false</cds:settlementOffsetBusinessDay>
                <cds:curve>
                    <cds:ticker>IBM</cds:ticker>
                    <cds:currency>USD</cds:currency>
                    <cds:seniority creditSeniorityScheme="MARX">sen</cds:seniority>
                    <cds:docClause>XR</cds:docClause>
                </cds:curve>
                <cds:recoverySwap>false</cds:recoverySwap>
                <cds:wrongWayRiskTrade>false</cds:wrongWayRiskTrade>
            </fpml:creditDefaultSwap>
            <fpml:otherPartyPayment xsi:type="trade:CitiPayment">
                <fpml:payerPartyReference href="PartyB"/>
                <fpml:receiverPartyReference href="PartyA"/>
                <fpml:paymentAmount>
                    <fpml:currency>USD</fpml:currency>
                    <fpml:amount>123</fpml:amount>
                </fpml:paymentAmount>
                <fpml:paymentDate>
                    <fpml:adjustedDate>2013-06-05</fpml:adjustedDate>
                </fpml:paymentDate>
                <fpml:paymentType>UPFRONT</fpml:paymentType>
                <esb:paymentCreditSpread>0.0</esb:paymentCreditSpread>
                <esb:conversionFXRate>0.0</esb:conversionFXRate>
            </fpml:otherPartyPayment>
            <fpml:otherPartyPayment xsi:type="esb:PaymentWithId">
                <fpml:payerPartyReference href="PartyA"/>
                <fpml:receiverPartyReference href="Broker"/>
                <fpml:paymentAmount>
                    <fpml:currency>USD</fpml:currency>
                    <fpml:amount>236</fpml:amount>
                </fpml:paymentAmount>
                <fpml:paymentDate>
                    <fpml:adjustedDate>2013-06-05</fpml:adjustedDate>
                </fpml:paymentDate>
                <fpml:paymentType>BROKER</fpml:paymentType>
                <esb:paymentCreditSpread>0.0</esb:paymentCreditSpread>
                <esb:conversionFXRate>0.0</esb:conversionFXRate>
            </fpml:otherPartyPayment>
            <fpml:brokerPartyReference href="Broker"/>
            <fpml:calculationAgent>
                <fpml:calculationAgentPartyReference href="PartyB"/>
            </fpml:calculationAgent>
            <fpml:calculationAgentBusinessCenter>New York</fpml:calculationAgentBusinessCenter>
            <fpml:documentation xsi:type="trade:CitiDocumentation">
                <fpml:contractualTermsSupplement>
                    <fpml:type>2009 ISDA</fpml:type>
                </fpml:contractualTermsSupplement>
                <fpml:contractualMatrix>
                    <fpml:matrixType>StandardNorthAmericanCorporate</fpml:matrixType>
                    <fpml:publicationDate>2003-01-01</fpml:publicationDate>
                </fpml:contractualMatrix>
                <trade:customTrade>false</trade:customTrade>
            </fpml:documentation>
        </trade:prototype>
        <trade:extension>
            <trade:eventOwnerRole>Trader</trade:eventOwnerRole>
            <trade:facilitatorInfo facilitatorType="Broker"/>
            <trade:auditInfo auditInfoScheme="TPS">
                <esb:created>2013-05-31T13:12:19.447+08:00</esb:created>
                <esb:lastModified>2013-05-31T13:21:22.009+08:00</esb:lastModified>
                <esb:createdBy>JW70618</esb:createdBy>
                <esb:createdByFullName>Chen Jane L</esb:createdByFullName>
                <esb:lastModifiedBy>BF45387</esb:lastModifiedBy>
                <esb:lastModifiedUserRole isSenior="false" isSalesTrader="false">Trader</esb:lastModifiedUserRole>
            </trade:auditInfo>
            <trade:foRecapInfo>
                <trade:recapId>0</trade:recapId>
                <trade:autoRecapOn>false</trade:autoRecapOn>
                <trade:copyTrader>false</trade:copyTrader>
                <trade:copySales>false</trade:copySales>
                <trade:sentTime>0001-01-01T13:00:00+08:00</trade:sentTime>
            </trade:foRecapInfo>
            <trade:voided>false</trade:voided>
            <trade:oldFlow>false</trade:oldFlow>
            <trade:bookedInternalWash>false</trade:bookedInternalWash>
            <trade:mtm>0.0</trade:mtm>
            <trade:mixBagAllocation>false</trade:mixBagAllocation>
        </trade:extension>
        <trade:eventType>New</trade:eventType>
        <trade:subEvent xsi:type="trade:NewTradeSubEvent">
            <trade:eventType>New</trade:eventType>
            <trade:subType>Main</trade:subType>
            <trade:blockSubEvent>true</trade:blockSubEvent>
            <trade:brokerFee>
                <fpml:currency>USD</fpml:currency>
                <fpml:amount>236</fpml:amount>
            </trade:brokerFee>
            <trade:notional>12300000</trade:notional>
            <trade:initialMargin xsi:type="trade:CitiCollateral">
                <fpml:independentAmount>
                    <fpml:paymentDetail>
                        <fpml:paymentRule xsi:type="fpml:PercentageRule">
                            <fpml:paymentPercent>0</fpml:paymentPercent>
                            <fpml:notionalAmountReference href="T0.NOTIONAL1"/>
                        </fpml:paymentRule>
                    </fpml:paymentDetail>
                </fpml:independentAmount>
                <trade:userOverride>false</trade:userOverride>
                <trade:Pledgor>PartyA</trade:Pledgor>
                <trade:Ccy>USD</trade:Ccy>
                <trade:tbd>false</trade:tbd>
            </trade:initialMargin>
            <trade:upfrontPayment xsi:type="trade:CitiPayment">
                <fpml:payerPartyReference href="PartyB"/>
                <fpml:receiverPartyReference href="PartyA"/>
                <fpml:paymentAmount>
                    <fpml:currency>USD</fpml:currency>
                    <fpml:amount>123</fpml:amount>
                </fpml:paymentAmount>
                <fpml:paymentDate>
                    <fpml:adjustedDate>2013-06-05</fpml:adjustedDate>
                </fpml:paymentDate>
                <fpml:paymentType>UPFRONT</fpml:paymentType>
                <esb:paymentCreditSpread>0.0</esb:paymentCreditSpread>
                <esb:conversionFXRate>0.0</esb:conversionFXRate>
            </trade:upfrontPayment>
            <trade:customerSubAccount href="PartyB"/>
            <trade:feeCounterParty href="PartyB"/>
            <trade:partyTradeIdentifier washRole="MASTER">
                <fpml:partyReference href="PartyA"/>
                <fpml:versionedTradeId>
                    <fpml:tradeId tradeIdScheme="TPS">X10719795AC</fpml:tradeId>
                    <fpml:version>2</fpml:version>
                </fpml:versionedTradeId>
                <fpml:tradeId tradeIdScheme="Oasys.DealId">34161501</fpml:tradeId>
                <fpml:linkId linkIdScheme="OpsfileId">C474X1528700</fpml:linkId>
                <trade:state>ACTIVE</trade:state>
                <trade:isCancelled>false</trade:isCancelled>
                <trade:isTerminated>false</trade:isTerminated>
                <trade:isExercised>false</trade:isExercised>
            </trade:partyTradeIdentifier>
            <trade:tradeReference href="TX10719795AC_2"/>
            <trade:voided>false</trade:voided>
            <trade:eventProductInfo xsi:type="cds:CdsEventProductInfo">
                <cds:referenceObligation>
                    <fpml:bond>
                        <fpml:instrumentId instrumentIdScheme="CUSIP">459200GJ4</fpml:instrumentId>
                        <fpml:instrumentId instrumentIdScheme="ISIN">US459200GJ41</fpml:instrumentId>
                        <fpml:instrumentId instrumentIdScheme="http://www.fpml.org/spec/2003/entity-id-RED-1-0">49EB20AD7</fpml:instrumentId>
                        <fpml:seniority creditSeniorityScheme="MARX">sen</fpml:seniority>
                    </fpml:bond>
                </cds:referenceObligation>
                <cds:calculationAgent>
                    <fpml:calculationAgentPartyReference href="PartyB"/>
                </cds:calculationAgent>
            </trade:eventProductInfo>
            <trade:affirmationInfo>
                <trade:affirmable>false</trade:affirmable>
                <trade:hold>false</trade:hold>
                <trade:affirmationStatus>NotAffirmed</trade:affirmationStatus>
            </trade:affirmationInfo>
            <trade:markitWireTrade>false</trade:markitWireTrade>
            <trade:prototypeReference href="EX10719795AT_2"/>
        </trade:subEvent>
    </trade:event>
    <trade:party partyRole="PartyA" validAccount="true" id="PartyA">
        <fpml:partyId partyIdScheme="TPS">CITINEW</fpml:partyId>
        <fpml:partyName>CDS-LONG SWAPS</fpml:partyName>
        <trade:legalEntity>CBNANY</trade:legalEntity>
    </trade:party>
    <trade:party partyRole="PartyB" validAccount="true" id="PartyB">
        <fpml:partyId partyIdScheme="TPS">BOA3C</fpml:partyId>
        <fpml:partyName>BANK OF AMERICA/CHARLOTTE</fpml:partyName>
        <trade:legalEntity>CBNANY</trade:legalEntity>
    </trade:party>
    <trade:party partyRole="Broker" validAccount="true" id="Broker">
        <fpml:partyId partyIdScheme="TPS">BONDLOG</fpml:partyId>
        <fpml:partyName>BOND LOGISITIX</fpml:partyName>
    </trade:party>
</trade:dataDocument>


	<!-- FixedRate -->
							<entry key="t_strike" value="0.01" />
							<entry key="s_strike" value="0.0050" />
							<entry key="s_strike" value="0.0050" />
							
							
							
							
							
							
							
