<?xml version="1.0" encoding="utf-8"?><!-- X10716789AT1M 
						X10717039AT 
						ac
						ac
						ac
						ac
						
						
						broker: X10719795AT    ua3
						
						
						
						
						-->
<requestCreateTradeEvent xmlns:xsi="http://www.w3.org/2001/XMLSchema-instance"
	xmlns:xsd="http://www.w3.org/2001/XMLSchema" fpmlVersion="5-0" at
	at
	at
	at
	
	actualBuild="2" xmlns="http://tradecapturesys.cmb.citigroup.net/trade-1-0">
	<header xmlns:q1="http://tradecapturesys.cmb.citigroup.net-1-0"
		xsi:type="q1:RequestMessageHeader" xmlns="http://www.fpml.org/FpML-5-0/reporting">
		<conversationId conversationIdScheme="TPS.GUID">C.905c1837-4ca3-43a0-ba70-790f4e7dc671
		</conversationId>
		<messageId messageIdScheme="TPS.GUID">M.259cad21-aa43-41c0-8c1d-49e8ba0496ab
		</messageId>
		<sentBy>TPS.UI.APACCNSHZJW2052</sentBy>
		<creationTimestamp>2013-05-30T13:46:01.5102809+08:00
		</creationTimestamp>
		<expiryTimestamp>9999-12-31T23:59:59.9999999</expiryTimestamp>
		<q1:userId>BF45387</q1:userId>
		<q1:userFullName>Funk, Brian</q1:userFullName>
		<q1:userRole isSalesTrader="false">Trader</q1:userRole>
		<q1:sourceSystem>TPSUI</q1:sourceSystem>
	</header>
	<eventDocument fpmlVersion="5-0">
		<event xsi:type="NewTradeEvent">
			<eventId xmlns:q2="http://tradecapturesys.cmb.citigroup.net/trade-1-0"
				xsi:type="q2:VersionedEventId" eventIdScheme="TPS" version="0"
				xmlns="http://www.fpml.org/FpML-5-0/reporting">X10716782AT1M</eventId>
			<executionDateTimeOverride>false</executionDateTimeOverride>
			<prototype id="PRIMARY">
				<tradeHeader xmlns:q3="http://tradecapturesys.cmb.citigroup.net/trade-1-0"
					xsi:type="q3:CitiTradeHeader" xmlns="http://www.fpml.org/FpML-5-0/reporting">
					<partyTradeIdentifier xsi:type="q3:WashTradeIdentifier"
						washRole="MASTER">
						<partyReference href="PartyA" />
						<versionedTradeId>
							<tradeId />
							<version>0</version>
						</versionedTradeId>
						<q3:state>ACTIVE</q3:state>
						<q3:isCancelled>false</q3:isCancelled>
						<q3:isTerminated>false</q3:isTerminated>
						<q3:isExercised>false</q3:isExercised>
					</partyTradeIdentifier>
					<partyTradeIdentifier xsi:type="q3:WashTradeIdentifier"
						washRole="MIRROR">
						<partyReference href="PartyB" />
						<versionedTradeId>
							<tradeId />
							<version>0</version>
						</versionedTradeId>
						<q3:state>ACTIVE</q3:state>
						<q3:isCancelled>false</q3:isCancelled>
						<q3:isTerminated>false</q3:isTerminated>
						<q3:isExercised>false</q3:isExercised>
					</partyTradeIdentifier>
					<partyTradeInformation xsi:type="q3:CitiPartyTradeInformation">
						<partyReference href="PartyA" />
						<trader xsi:type="q3:CitiTrader" soeId="BF45387"
							salesTraderId="N098" emailAddress="brian.funk@citi.com"
							primaryBusiness="Credit Flow">Funk, Brian</trader>
						<q3:customerBusinessType>Internal</q3:customerBusinessType>
						<q3:intentToClear>false</q3:intentToClear>
						<q3:offMarketPrice>false</q3:offMarketPrice>
						<q3:executionType>Voice</q3:executionType>
						<q3:verificationMethod>Unverified</q3:verificationMethod>
					</partyTradeInformation>
					<partyTradeInformation xsi:type="q3:CitiPartyTradeInformation">
						<partyReference href="PartyB" />
						<trader xsi:type="q3:CitiTrader" soeId="JW70618"
							salesTraderId="JW70618" emailAddress="jane.l.chen@citi.com">Chen Jane L</trader>
						<q3:customerBusinessType>Internal</q3:customerBusinessType>
						<q3:client id="T0.PartyBclient.09476">
							<accountId>09476</accountId>
							<accountName>BANK OF AMERICA (CHARLOTTE)</accountName>
							<accountId accountIdScheme="GFC">1000018712</accountId>
							<accountName>BANK OF AMERICA NA-CHARLOTTE HEAD OFFICE</accountName>
							<accountBeneficiary href="PartyB" />
						</q3:client>
					</partyTradeInformation>
					<tradeDate>2013-05-30</tradeDate>
					<q3:clearingExcluded>true</q3:clearingExcluded>
					<q3:autoSendToClearing>false</q3:autoSendToClearing>
					<q3:clearingInfo>
						<q3:clearingHouse />
					</q3:clearingInfo>
					<q3:ratesTriOptima>false</q3:ratesTriOptima>
					<q3:rtrOnly>false</q3:rtrOnly>
					<q3:bypassCptyValidation>false</q3:bypassCptyValidation>
					<q3:bookRestrictionOverride>false</q3:bookRestrictionOverride>
					<q3:mandatoryClearingOverride>false</q3:mandatoryClearingOverride>
					<q3:mandatoryClearing>false</q3:mandatoryClearing>
					<q3:showAllCCP>false</q3:showAllCCP>
				</tradeHeader>
				<creditDefaultSwap
					xmlns:q4="http://tradecapturesys.cmb.citigroup.net/trade/cds-1-0"
					xsi:type="q4:CreditDefaultSwap" xmlns="http://www.fpml.org/FpML-5-0/reporting">
					<productType productTypeScheme="TPS">Single Name CDS
					</productType>
					<generalTerms xsi:type="q4:CitiGeneralTerms">
						<effectiveDate
							xmlns:q5="http://tradecapturesys.cmb.citigroup.net/trade-1-0"
							xsi:type="q5:CitiBusinessDate">
							<unadjustedDate>2013-05-31</unadjustedDate>
						</effectiveDate>
						<scheduledTerminationDate
							xmlns:q6="http://tradecapturesys.cmb.citigroup.net/trade-1-0"
							xsi:type="q6:CitiBusinessDate">
							<unadjustedDate>2013-06-20</unadjustedDate>
							<q6:rollFrequency>
								<periodMultiplier>3</periodMultiplier>
								<period>M</period>
							</q6:rollFrequency>
						</scheduledTerminationDate>
						<sellerPartyReference href="PartyB" />
						<buyerPartyReference href="PartyA" />
						<dateAdjustments>
							<businessDayConvention>FOLLOWING</businessDayConvention>
							<businessCenters>
								<businessCenter>NYBANK</businessCenter>
								<businessCenter>LONDON</businessCenter>
							</businessCenters>
						</dateAdjustments>
						<referenceInformation xsi:type="q4:CitiReferenceInformation">
							<referenceEntity>
								<entityName>International Business Machines Corporation
								</entityName>
								<entityId entityIdScheme="http://www.fpml.org/spec/2003/entity-id-RED-1-0">49EB20</entityId>
								<entityId
									entityIdScheme="http://tradecapturesys.cmb.citigroup.net/calypso-1-0/ticker">IBM</entityId>
							</referenceEntity>
							<referenceObligation>
								<bond>
									<instrumentId instrumentIdScheme="CUSIP">459200GJ4
									</instrumentId>
									<instrumentId instrumentIdScheme="ISIN">US459200GJ41
									</instrumentId>
									<instrumentId instrumentIdScheme="http://www.fpml.org/spec/2003/entity-id-RED-1-0">49EB20AD7
									</instrumentId>
									<seniority creditSeniorityScheme="MARX">sen</seniority>
								</bond>
							</referenceObligation>
							<allGuarantees>false</allGuarantees>
							<referencePrice>1</referencePrice>
							<q4:securedLanguage>false</q4:securedLanguage>
						</referenceInformation>
					</generalTerms>
					<feeLeg xsi:type="q4:CitiFeeLeg">
						<periodicPayment>
							<paymentFrequency>
								<periodMultiplier>3</periodMultiplier>
								<period>M</period>
							</paymentFrequency>
							<firstPeriodStartDate>2013-03-20</firstPeriodStartDate>
							<firstPaymentDate>2013-06-20</firstPaymentDate>
							<rollConvention>20</rollConvention>
							<fixedAmountCalculation>
								<calculationAmount>
									<currency>USD</currency>
									<amount>1021212</amount>
								</calculationAmount>
								<fixedRate>0.0100</fixedRate>
								<dayCountFraction>ACT/360</dayCountFraction>
							</fixedAmountCalculation>
						</periodicPayment>
						<marketFixedRate>0.0100</marketFixedRate>
						<q4:paymentDelayDays>0</q4:paymentDelayDays>
						<q4:paymentDelayDayType>Business</q4:paymentDelayDayType>
						<q4:couponStubRule>NONE</q4:couponStubRule>
						<q4:quoteType>MarketRate</q4:quoteType>
						<q4:terminationDateRoll>false</q4:terminationDateRoll>
						<q4:periodDateRoll>false</q4:periodDateRoll>
						<q4:noFee>false</q4:noFee> 
						<q4:manualFee>true</q4:manualFee>
						<q4:recoveryRateAssumption>0.4</q4:recoveryRateAssumption>
						<q4:fullFirstCoupon>false</q4:fullFirstCoupon>
					</feeLeg>
					<protectionTerms id="T0.NOTIONAL1">
						<calculationAmount>
							<currency>USD</currency>
							<amount>1021212</amount>
						</calculationAmount>
						<creditEvents xsi:type="q4:CitiCreditEvents">
							<bankruptcy />
							<failureToPay>
								<paymentRequirement>
									<currency>USD</currency>
									<amount>1000000</amount>
								</paymentRequirement>
							</failureToPay>
							<defaultRequirement>
								<currency>USD</currency>
								<amount>10000000</amount>
							</defaultRequirement>
							<creditEventNotice>
								<notifyingParty>
									<buyerPartyReference href="PartyA" />
									<sellerPartyReference href="PartyB" />
								</notifyingParty>
								<publiclyAvailableInformation>
									<standardPublicSources />
								</publiclyAvailableInformation>
							</creditEventNotice>
						</creditEvents>
						<obligations xsi:type="q4:CitiObligations">
							<category>BorrowedMoney</category>
						</obligations>
						<floatingAmountEvents>
							<floatingAmountProvisions />
							<additionalFixedPayments />
						</floatingAmountEvents>
					</protectionTerms>
					<physicalSettlementTerms>
						<settlementCurrency>USD</settlementCurrency>
						<physicalSettlementPeriod>
							<maximumBusinessDays>30</maximumBusinessDays>
						</physicalSettlementPeriod>
						<deliverableObligations xsi:type="q4:CitiDeliverableObligations">
							<accruedInterest>true</accruedInterest>
							<category>BondOrLoan</category>
							<notSubordinated />
							<specifiedCurrency />
							<notContingent />
							<assignableLoan />
							<consentRequiredLoan />
							<transferable />
							<maximumMaturity>
								<periodMultiplier>30</periodMultiplier>
								<period>Y</period>
							</maximumMaturity>
							<notBearer />
						</deliverableObligations>
						<escrow>true</escrow>
						<sixtyBusinessDaySettlementCap>false
						</sixtyBusinessDaySettlementCap>
					</physicalSettlementTerms>
					<q4:settlementOffsetBusinessDay>false
					</q4:settlementOffsetBusinessDay>
					<q4:curve>
						<q4:ticker>IBM</q4:ticker>
						<q4:currency>USD</q4:currency>
						<q4:seniority creditSeniorityScheme="MARX">sen
						</q4:seniority>
						<q4:docClause>XR</q4:docClause>
					</q4:curve>
					<q4:recoverySwap>false</q4:recoverySwap>
					<q4:wrongWayRiskTrade>false</q4:wrongWayRiskTrade>
				</creditDefaultSwap>
				<otherPartyPayment
					xmlns:q7="http://tradecapturesys.cmb.citigroup.net/trade-1-0"
					xsi:type="q7:CitiPayment" xmlns="http://www.fpml.org/FpML-5-0/reporting">
					<payerPartyReference href="PartyA" />
					<receiverPartyReference href="PartyB" />
					<paymentAmount>
						<currency>USD</currency>
						<amount>365656</amount>
					</paymentAmount>
					<paymentDate>
						<adjustedDate>2013-06-04</adjustedDate>
					</paymentDate>
					<paymentType>UPFRONT</paymentType>
					<paymentCreditSpread xmlns="http://tradecapturesys.cmb.citigroup.net-1-0">0
					</paymentCreditSpread>
					<conversionFXRate xmlns="http://tradecapturesys.cmb.citigroup.net-1-0">0</conversionFXRate>
				</otherPartyPayment>
				<calculationAgent xmlns="http://www.fpml.org/FpML-5-0/reporting">
					<calculationAgentPartyReference
						href="PartyB" />
				</calculationAgent>
				<calculationAgentBusinessCenter
					xmlns="http://www.fpml.org/FpML-5-0/reporting">New York</calculationAgentBusinessCenter>
				<documentation xmlns:q8="http://tradecapturesys.cmb.citigroup.net/trade-1-0"
					xsi:type="q8:CitiDocumentation" xmlns="http://www.fpml.org/FpML-5-0/reporting">
					<contractualTermsSupplement>
						<type>2009 ISDA</type>
					</contractualTermsSupplement>
					<contractualMatrix>
						<matrixType>StandardNorthAmericanCorporate</matrixType>
						<publicationDate>2003-01-01</publicationDate>
					</contractualMatrix>
					<q8:customTrade>false</q8:customTrade>
				</documentation>
			</prototype>
			<extension>
				<eventOwnerRole>Trader</eventOwnerRole>
				<facilitatorInfo facilitatorType="Internal" />
				<auditInfo>
					<created xmlns="http://tradecapturesys.cmb.citigroup.net-1-0">2013-05-28T09:05:42.6084433+08:00</created>
					<lastModifiedUserRole
						xmlns="http://tradecapturesys.cmb.citigroup.net-1-0">Trader</lastModifiedUserRole>
				</auditInfo>
				<foRecapInfo>
					<recapId>0</recapId>
					<autoRecapOn>false</autoRecapOn>
					<copyTrader>false</copyTrader>
					<copySales>false</copySales>
					<sentTime>0001-01-01T00:00:00</sentTime>
				</foRecapInfo>
				<voided>false</voided>
				<linkId eventIdScheme="TPS.Mirror">X10716782AT2M</linkId>
				<oldFlow>false</oldFlow>
				<bookedInternalWash>false</bookedInternalWash>
				<mtm>0</mtm>
				<mixBagAllocation>false</mixBagAllocation>
			</extension>
			<eventType>New</eventType>
			<subEvent xsi:type="NewTradeSubEvent">
				<eventType>New</eventType>
				<subType>Main</subType>
				<blockSubEvent>true</blockSubEvent>
				<notional>1021212</notional>
				<initialMargin xsi:type="CitiCollateral">
					<independentAmount xmlns="http://www.fpml.org/FpML-5-0/reporting">
						<paymentDetail>
							<paymentRule xsi:type="PercentageRule">
								<paymentPercent>0</paymentPercent>
								<notionalAmountReference href="T0.NOTIONAL1" />
							</paymentRule>
						</paymentDetail>
					</independentAmount>
					<userOverride>false</userOverride>
					<Pledgor>PartyB</Pledgor>
					<Ccy>USD</Ccy>
					<tbd>false</tbd>
				</initialMargin>
				<upfrontPayment xsi:type="CitiPayment">
					<payerPartyReference href="PartyA"
						xmlns="http://www.fpml.org/FpML-5-0/reporting" />
					<receiverPartyReference href="PartyB"
						xmlns="http://www.fpml.org/FpML-5-0/reporting" />
					<paymentAmount xmlns="http://www.fpml.org/FpML-5-0/reporting">
						<currency>USD</currency>
						<amount>365656</amount>
					</paymentAmount>
					<paymentDate xmlns="http://www.fpml.org/FpML-5-0/reporting">
						<adjustedDate>2013-06-04</adjustedDate>
					</paymentDate>
					<paymentType xmlns="http://www.fpml.org/FpML-5-0/reporting">UPFRONT</paymentType>
					<paymentCreditSpread xmlns="http://tradecapturesys.cmb.citigroup.net-1-0">0
					</paymentCreditSpread>
					<conversionFXRate xmlns="http://tradecapturesys.cmb.citigroup.net-1-0">0</conversionFXRate>
				</upfrontPayment>
				<customerSubAccount href="PartyB" />
				<feeCounterParty href="PartyB" />
				<partyTradeIdentifier washRole="MASTER">
					<partyReference href="PartyA"
						xmlns="http://www.fpml.org/FpML-5-0/reporting" />
					<versionedTradeId xmlns="http://www.fpml.org/FpML-5-0/reporting">
						<tradeId tradeIdScheme="TPS">X10716782AC</tradeId>
						<version>0</version>
					</versionedTradeId>
					<state>ACTIVE</state>
					<isCancelled>false</isCancelled>
					<isTerminated>false</isTerminated>
					<isExercised>false</isExercised>
				</partyTradeIdentifier>
				<partyTradeIdentifier washRole="MIRROR">
					<partyReference href="PartyB"
						xmlns="http://www.fpml.org/FpML-5-0/reporting" />
					<versionedTradeId xmlns="http://www.fpml.org/FpML-5-0/reporting">
						<tradeId tradeIdScheme="TPS">X10716782ACM</tradeId>
						<version>0</version>
					</versionedTradeId>
					<state>ACTIVE</state>
					<isCancelled>false</isCancelled>
					<isTerminated>false</isTerminated>
					<isExercised>false</isExercised>
				</partyTradeIdentifier>
				<voided>false</voided>
				<eventProductInfo
					xmlns:q9="http://tradecapturesys.cmb.citigroup.net/trade/cds-1-0"
					xsi:type="q9:CdsEventProductInfo">
					<q9:referenceObligation>
						<bond xmlns="http://www.fpml.org/FpML-5-0/reporting">
							<instrumentId instrumentIdScheme="CUSIP">459200GJ4
							</instrumentId>
							<instrumentId instrumentIdScheme="ISIN">US459200GJ41
							</instrumentId>
							<instrumentId instrumentIdScheme="http://www.fpml.org/spec/2003/entity-id-RED-1-0">49EB20AD7
							</instrumentId>
							<seniority creditSeniorityScheme="MARX">sen</seniority>
						</bond>
					</q9:referenceObligation>
					<q9:calculationAgent>
						<calculationAgentPartyReference
							href="PartyB" xmlns="http://www.fpml.org/FpML-5-0/reporting" />
					</q9:calculationAgent>
				</eventProductInfo>
				<affirmationInfo>
					<affirmable>true</affirmable>
					<hold>false</hold>
					<affirmationStatus>NotAffirmed</affirmationStatus>
				</affirmationInfo>
				<markitWireTrade>false</markitWireTrade>
				<prototypeReference href="PRIMARY" />
			</subEvent>
		</event>
		<party id="PartyA" partyRole="PartyA" validAccount="true">
			<partyId partyIdScheme="TPS"
				xmlns="http://www.fpml.org/FpML-5-0/reporting">CITINEW</partyId>
			<partyName xmlns="http://www.fpml.org/FpML-5-0/reporting">CDS-LONG SWAPS</partyName>
			<legalEntity>CBNANY</legalEntity>
		</party>
		<party id="PartyB" partyRole="PartyB" validAccount="true">
			<partyId partyIdScheme="TPS"
				xmlns="http://www.fpml.org/FpML-5-0/reporting">BOA3C</partyId>
			<partyName xmlns="http://www.fpml.org/FpML-5-0/reporting">BANK OF AMERICA/CHARLOTTE</partyName>
			<legalEntity>CBNANY</legalEntity>
		</party>
	</eventDocument>
	<workflowAction>Create</workflowAction>
</requestCreateTradeEvent>